{
  "env": {
    "browser": true,
    "es2021": true,
    "node": true,
    "jest": true

  },
  "extends": [
    "airbnb",
    "plugin:react/recommended",
    "plugin:react-hooks/recommended",
    "plugin:cypress/recommended"
  ],
  "parserOptions": {
    "ecmaFeatures": {
      "jsx": true
    },
    "ecmaVersion": "latest",
    "sourceType": "module"
  },
  "plugins": [
    "react",
    "react-hooks",
    "cypress"
  ],
  "rules": {
    "react/jsx-filename-extension": [1, { "extensions": [".js", ".jsx"] }],
    "react/react-in-jsx-scope": "off",
    "import/prefer-default-export": "off",
    "no-param-reassign": "off",
    "no-underscore-dangle": "off",
    "react/prop-types": "off",
    "func-names": "off",
    "no-console": "off",
    "camelcase": "off",
    "no-shadow": "off",
    "react/no-danger": "off",
    "jsx-a11y/label-has-associated-control": "off",
    "no-alert": "off",
    "react/self-closing-comp": "warn",
    "max-len": [
      "warn",
      {
        "code": 120,
        "ignoreComments": true,
        "ignoreUrls": true,
        "ignoreStrings": true,
        "ignoreTemplateLiterals": true
      }
    ],
    "react/jsx-one-expression-per-line": ["warn", { "allow": "literal" }],
    "react/jsx-props-no-spreading": "off",
    "object-curly-newline": ["warn", { "multiline": true, "consistent": true }],
    "operator-linebreak": ["warn", "after", { "overrides": { "=": "none" } }],
    "no-unused-vars": ["warn", { "argsIgnorePattern": "^_" }],
    "import/order": "off",
    "eol-last": ["warn", "always"],
    "no-multiple-empty-lines": ["warn", { "max": 1, "maxEOF": 0 }],
    "comma-dangle": ["warn", "always-multiline"],

    "import/no-extraneous-dependencies": ["error", {
      "devDependencies": [
        "**/*.test.js",
        "**/*.test.jsx",
        "cypress.config.js",
        "cypress/**"
      ]
    }]
  },
  "settings": {
    "import/resolver": {
      "node": {
        "extensions": [".js", ".jsx", ".ts", ".tsx"]
      }
    }
  }
}